{
  "train_accuracy": 0.9438202247191011,
  "test_accuracy": 0.8156424581005587,
  "precision": 0.8,
  "recall": 0.6956521739130435,
  "f1": 0.7441860465116279
}